1,1634976847,1634994847,false,"kek1",1
2,1634976847,1634994847,false,"kek2",1
3,1634976847,1634994847,false,"kek3",1
4,1634976847,1634994847,false,"kek1",2
5,1634976847,1634994847,false,"kek2",2
6,1634976847,1634994847,false,"kek3",2
7,1634976847,1634994847,false,"kek4",2
8,1634976847,1634994847,false,"kek1",3
9,1634976847,1634994847,false,"kek2",3
10,1634976847,1634994847,false,"kek3",3
11,1634976847,1634994847,false,"kek4",3
12,1634976847,1634994847,false,"kek1",4
13,1634976847,1634994847,false,"kek2",4
14,1634976847,1634994847,false,"kek3",4
15,1634976847,1634994847,false,"kek4",4
16,1634976847,1634994847,false,"kek5",4
17,1634976847,1634994847,false,"kek6",4
18,1634976847,1634994847,false,"kek7",4
19,1634976847,1634994847,false,"kek8",4
20,1634976847,1634994847,false,"kek9",4
21,1634976847,1634994847,false,"kek10",4
22,1634976847,1634994847,false,"kek11",4
23,1634976847,1634994847,false,"kek12",4
24,1634976847,1634994847,false,"kek13",4
25,1634976847,1634994847,false,"kek14",4
26,1634976847,1634994847,false,"kek1",5
27,1634976847,1634994847,false,"kek1",6
28,1634976847,1634994847,false,"kek2",6
29,1634976847,1634994847,false,"kek3",6
30,1634976847,1634994847,false,"kek4",6
31,1634976847,1634994847,false,"kek5",6
32,1634976847,1634994847,false,"kek6",6
33,1634976847,1634994847,false,"kek7",6
34,1634976847,1634994847,false,"kek8",6
35,1634976847,1634994847,false,"kek9",6
36,1634976847,1634994847,false,"kek10",6
37,1634976847,1634994847,false,"kek11",6
38,1634976847,1634994847,false,"kek12",6
39,1634976847,1634994847,false,"kek13",6
40,1634976847,1634994847,false,"kek1",7
41,1634976847,1634994847,false,"kek2",7
42,1634976847,1634994847,false,"kek3",7
43,1634976847,1634994847,false,"kek4",7
44,1634976847,1634994847,false,"kek5",7
45,1634976847,1634994847,false,"kek6",7
46,1634976847,1634994847,false,"kek1",8
47,1634976847,1634994847,false,"kek2",8
48,1634976847,1634994847,false,"kek3",8
49,1634976847,1634994847,false,"kek4",8
50,1634976847,1634994847,false,"kek5",8
51,1634976847,1634994847,false,"kek6",8
52,1634976847,1634994847,false,"kek1",9
53,1634976847,1634994847,false,"kek2",9
54,1634976847,1634994847,false,"kek3",9
55,1634976847,1634994847,false,"kek4",9
56,1634976847,1634994847,false,"kek5",9
57,1634976847,1634994847,false,"kek6",9
58,1634976847,1634994847,false,"kek7",9
59,1634976847,1634994847,false,"kek8",9
60,1634976847,1634994847,false,"kek9",9
61,1634976847,1634994847,false,"kek10",9
62,1634976847,1634994847,false,"kek11",9
63,1634976847,1634994847,false,"kek1",10
64,1634976847,1634994847,false,"kek2",10
65,1634976847,1634994847,false,"kek3",10
66,1634976847,1634994847,false,"kek4",10
67,1634976847,1634994847,false,"kek5",10
68,1634976847,1634994847,false,"kek6",10
69,1634976847,1634994847,false,"kek7",10
70,1634976847,1634994847,false,"kek8",10
71,1634976847,1634994847,false,"kek9",10
72,1634976847,1634994847,false,"kek10",10
73,1634976847,1634994847,false,"kek11",10
74,1634976847,1634994847,false,"kek12",10
75,1634976847,1634994847,false,"kek13",10
76,1634976847,1634994847,false,"kek14",10
77,1634976847,1634994847,false,"kek1",11
78,1634976847,1634994847,false,"kek2",11
79,1634976847,1634994847,false,"kek3",11
80,1634976847,1634994847,false,"kek4",11
81,1634976847,1634994847,false,"kek1",12
82,1634976847,1634994847,false,"kek2",12
83,1634976847,1634994847,false,"kek3",12
84,1634976847,1634994847,false,"kek1",13
85,1634976847,1634994847,false,"kek2",13
86,1634976847,1634994847,false,"kek3",13
87,1634976847,1634994847,false,"kek1",14
88,1634976847,1634994847,false,"kek2",14
89,1634976847,1634994847,false,"kek1",15
90,1634976847,1634994847,false,"kek1",16
91,1634976847,1634994847,false,"kek2",16
92,1634976847,1634994847,false,"kek3",16
93,1634976847,1634994847,false,"kek4",16
94,1634976847,1634994847,false,"kek5",16
95,1634976847,1634994847,false,"kek6",16
96,1634976847,1634994847,false,"kek7",16
97,1634976847,1634994847,false,"kek8",16
98,1634976847,1634994847,false,"kek9",16
99,1634976847,1634994847,false,"kek10",16
100,1634976847,1634994847,false,"kek1",17
101,1634976847,1634994847,false,"kek2",17
102,1634976847,1634994847,false,"kek3",17
103,1634976847,1634994847,false,"kek4",17
104,1634976847,1634994847,false,"kek5",17
105,1634976847,1634994847,false,"kek6",17
106,1634976847,1634994847,false,"kek7",17
107,1634976847,1634994847,false,"kek8",17
108,1634976847,1634994847,false,"kek9",17
109,1634976847,1634994847,false,"kek10",17
110,1634976847,1634994847,false,"kek11",17
111,1634976847,1634994847,false,"kek12",17
112,1634976847,1634994847,false,"kek13",17
113,1634976847,1634994847,false,"kek14",17
114,1634976847,1634994847,false,"kek1",18
115,1634976847,1634994847,false,"kek2",18
116,1634976847,1634994847,false,"kek3",18
117,1634976847,1634994847,false,"kek4",18
118,1634976847,1634994847,false,"kek5",18
119,1634976847,1634994847,false,"kek6",18
120,1634976847,1634994847,false,"kek7",18
121,1634976847,1634994847,false,"kek1",19
122,1634976847,1634994847,false,"kek2",19
123,1634976847,1634994847,false,"kek3",19
124,1634976847,1634994847,false,"kek1",20
125,1634976847,1634994847,false,"kek2",20
126,1634976847,1634994847,false,"kek3",20
127,1634976847,1634994847,false,"kek4",20
128,1634976847,1634994847,false,"kek5",20
129,1634976847,1634994847,false,"kek6",20
130,1634976847,1634994847,false,"kek7",20
131,1634976847,1634994847,false,"kek8",20
132,1634976847,1634994847,false,"kek9",20
133,1634976847,1634994847,false,"kek10",20
134,1634976847,1634994847,false,"kek11",20
135,1634976847,1634994847,false,"kek12",20
136,1634976847,1634994847,false,"kek13",20
137,1634976847,1634994847,false,"kek14",20
138,1634976847,1634994847,false,"kek15",20
